Student_number,Ability,Difference_in_days,Gender,TotalpreA,TotalpostA,TotalretA,DiffprepostA,SoW
FA381,M,4251,F,6,6,na,0,1
FA382,M,4075,F,6,14,na,8,1
FA383,M,4151,F,3,8,na,5,1
FA384,M,3991,M,11,8,na,-3,1
FA385,M,3962,M,8,8,na,0,1
FA386,M,4092,M,4,7,na,3,1
FA387,M,3996,M,8,9,na,1,1
FA388,L,3957,F,2,3,na,1,1
FA389,L,4142,M,3,5,na,2,1
FA3810,L,4235,M,3,5,na,2,1
FA3811,L,3463,F,4,6,na,2,1
FA3812,H,4034,F,12,11,na,-1,1
FA3813,H,4118,F,7,6,na,-1,1
FA3814,H,4137,F,11,12,na,1,1
FA3815,H,4257,M,4,7,na,3,1
FA3816,H,4042,M,6,13,na,7,1
FA3817,M,4189,M,6,na,na,na,1
FA3818,M,3994,M,8,na,na,na,1
FA3819,M,4279,M,6,na,na,na,1
FA391,H,4029,M,7,7,na,0,1
FA392,M,4300,M,11,12,na,1,1
FA393,M,4100,M,7,9,na,2,1
FA394,M,4062,F,4,6,na,2,1
FA395,M,4059,F,3,5,na,2,1
FA396,M,3980,F,5,6,na,1,1
FA397,M,4140,F,4,6,na,2,1
FA398,M,4094,F,3,5,na,2,1
FA399,M,3940,F,4,8,na,4,1
FA3910,M,3951,F,4,4,na,0,1
FA3911,M,4228,F,5,6,na,1,1
FA3912,M,4168,F,3,4,na,1,1
FA3913a,M,4238,F,5,4,na,-1,1
FA3913b,M,3986,F,2,4,na,2,1
FA3914,L,4079,M,3,9,na,6,1
FA3915,L,3986,M,4,5,na,1,1
FA3916,L,4079,F,6,4,na,-2,1
FA3917,L,4259,F,8,10,na,2,1
FA3918,L,4240,F,3,6,na,3,1
FA3919,L,4240,F,6,5,na,-1,1
FA3920,L,4303,M,3,na,na,na,1
FA3921,M,4015,M,2,na,na,na,1
FA401,H,4169,M,9,9,na,0,1
FA402,H,4018,M,7,10,na,3,1
FA403,H,4277,M,4,6,na,2,1
FA404,H,4252,M,7,8,na,1,1
FA405,H,4186,F,6,9,na,3,1
FA406,H,4193,F,6,6,na,0,1
FA407,H,4169,F,7,6,na,-1,1
FA408,M,4086,M,5,7,na,2,1
FA409,M,3974,M,3,5,na,2,1
FA410,M,4232,M,5,5,na,0,1
FA4011,M,3992,M,6,6,na,0,1
FA4012,M,3974,M,7,7,na,0,1
FA4013,M,4156,F,4,6,na,2,1
FA4014,M,4202,F,4,6,na,2,1
FA4015,M,4282,F,6,9,na,3,1
FA4016,M,4077,F,6,9,na,3,1
FA4017,L,4292,M,5,7,na,2,1
FA4018,L,4091,F,6,6,na,0,1
FA4019,L,4066,F,5,6,na,1,1
FA4024,M,4146,M,5,7,na,2,1
FA4020,H,4104,M,8,na,na,na,1
FA4021,L,4198,F,4,na,na,na,1
FA4022,M,3870,F,7,na,na,na,1
FA4023,H,4129,F,6,na,na,na,1
FA4025,H,4212,F,10,na,na,na,1
FF1b1,L,3765,F,3,8,na,5,1
FF1b2,L,4013,F,5,6,na,1,1
FF1b3,L,3768,M,3,6,na,3,1
FF1b4,M,4013,M,7,8,na,1,1
FF1b5,M,3733,M,6,7,na,1,1
FF1b6,M,3528,F,3,8,na,5,1
FF1b7,M,3677,F,5,9,na,4,1
FF1b8,M,3969,F,5,9,na,4,1
FF1b9,M,3938,F,4,6,na,2,1
FF1b10,M,3997,F,2,11,na,9,1
FF1b11,M,3866,F,7,10,na,3,1
FF1b12,M,3986,F,2,2,na,0,1
FF1b13,H,3561,F,7,7,na,0,1
FF1b14,H,4053,F,6,7,na,1,1
FF1b15,H,3649,F,8,12,na,4,1
FF1b16,H,4021,F,4,9,na,5,1
FF1b17,H,3856,F,6,6,na,0,1
FF1b18,H,3453,M,5,7,na,2,1
FF1b19,H,3374,M,4,7,na,3,1
FF1b20,H,3754,M,10,9,na,-1,1
FF1b21,H,3814,M,7,10,na,3,1
FF1b22,H,3975,M,11,13,na,2,1
FF1b23,H,4009,M,10,12,na,2,1
FF1b24,H,3917,M,7,8,na,1,1
FF1b25,H,4042,M,9,10,na,1,1
FF1b26,H,3729,M,9,10,na,1,1
FF1b27,M,3344,M,4,na,na,na,1
FF1b28,M,3629,M,7,na,na,na,1
FF1b29,L,3461,M,4,na,na,na,1
SA411,H,3962,M,6,12,13,6,1
SA412,H,4074,M,8,11,12,3,1
SA413,H,3826,M,9,7,9,-2,1
SA414,H,4034,F,14,14,14,0,1
SA415,H,4042,F,10,12,9,2,1
SA416,M,3864,M,9,9,6,0,1
SA417,M,3910,M,5,8,5,3,1
SA418,M,3961,M,7,5,4,-2,1
SA419,M,3907,M,6,6,5,0,1
SA4110,M,3828,M,7,9,8,2,1
SA4111,M,3868,M,4,8,8,4,1
SA4112,M,3960,M,7,6,6,-1,1
SA4113,M,4118,M,9,10,9,1,1
SA4114,M,4144,M,9,11,10,2,1
SA4115,M,4050,M,5,6,6,1,1
SA4116,M,3792,F,5,8,6,3,1
SA4117,M,3952,F,7,10,7,3,1
SA4118,M,3895,F,8,11,8,3,1
SA4119,M,4005,F,9,10,10,1,1
SA4120,L,3892,M,4,8,5,4,1
SA4121,L,3909,F,4,6,10,2,1
SA4122,H,4106,M,9,na,na,na,1
SE5d1,M,4112,M,7,9,10,2,1
SE5d2,M,4031,F,4,9,6,5,1
SE5d3,M,4093,M,6,7,6,1,1
SE5d4,M,3895,M,6,10,8,4,1
SE5d5,M,4001,M,3,8,8,5,1
SE5d6,M,4099,M,4,8,8,4,1
SE5d7,M,4130,F,7,10,10,3,1
SE5d8,M,3835,F,8,9,8,1,1
SE5d9,M,3920,F,3,10,6,7,1
SE5d10,M,4092,F,3,12,6,9,1
SE5d11,M,3955,F,7,13,6,6,1
SE5d12,M,3989,F,6,10,9,4,1
SE5d13,M,4024,F,5,11,6,6,1
SE5d14,M,3957,F,8,10,7,2,1
SE5d15,M,4112,F,5,12,8,7,1
SE5d16,M,4065,M,9,9,9,0,1
SE5d17,M,3943,F,7,6,7,-1,1
SE5d18,M,4001,F,6,9,7,3,1
SE5d19,M,4143,F,8,10,8,2,1
SE5d20,M,4126,M,7,7,7,0,1
SE5d21,M,3873,M,3,7,8,4,1
SE5d22,M,3914,M,7,8,10,1,1
SE5d23,M,3869,M,3,12,9,9,1
SE5d24,M,3897,M,4,13,8,9,1
SE5d25,M,4016,M,5,7,9,2,1
SE5d26,M,3802,M,3,12,9,9,1
SE5d27,M,4031,M,5,10,8,5,1
SE5d28,M,4111,F,4,10,na,6,1
SE5d29,M,4063,F,5,8,na,3,1
SE5d30,M,3804,M,7,7,na,0,1
SE5d31,M,4080,F,6,na,na,na,1
SE5d32,M,4139,M,7,na,na,na,1
SE6b1,H,3911,M,4,11,11,7,1
SE6b2,H,3837,M,8,11,10,3,1
SE6b3,H,4013,F,8,9,8,1,1
SE6b4,H,4380,M,6,7,8,1,1
SE6b5,H,3971,F,7,9,9,2,1
SE6b6,H,4032,M,7,7,9,0,1
SE6b7,H,4070,M,9,10,9,1,1
SE6b8,H,3868,F,8,10,11,2,1
SE6b9,H,3918,F,7,11,6,4,1
SE6b10,H,4006,F,7,10,10,3,1
SE6b11,H,3944,F,11,11,8,0,1
SE6b12,H,4143,M,8,7,7,-1,1
SE6b13,H,4090,M,7,8,8,1,1
SE6b14,H,4084,M,11,8,8,-3,1
SE6b15,H,3780,F,5,9,7,4,1
SE6b16,H,3933,F,10,9,7,-1,1
SE6b17,H,4014,M,10,12,14,2,1
SE6b18,H,3982,F,9,11,8,2,1
SE6b19,H,3887,F,8,10,10,2,1
SE6b20,H,4134,F,6,11,6,5,1
SE6b21,H,3786,F,10,13,14,3,1
SE6b22,H,3958,F,8,6,8,-2,1
SE6b23,H,4101,M,7,11,4,4,1
SE6b24,H,3813,F,9,9,12,0,1
SE6b25,H,4102,F,10,11,9,1,1
SE6b26,H,4053,M,6,8,12,2,1
SE6b27,H,3662,M,9,10,6,1,1
SE6b28,H,3804,M,8,9,7,1,1
SE6b29,H,4109,M,10,11,8,1,1
SE6b30,H,3871,F,10,10,na,0,1
SE6b31,H,4131,M,8,7,na,-1,1
SE6c1,L,4038,F,2,4,5,2,1
SE6c2,L,3851,F,2,7,3,5,1
SE6c3,L,3966,M,3,7,3,4,1
SE6c4,L,3872,F,5,8,8,3,1
SE6c5,L,3792,F,8,8,4,0,1
SE6c6,L,3894,F,8,9,8,1,1
SE6c7,L,3892,M,4,4,4,0,1
SE6c8,L,3955,M,4,6,4,2,1
SE6c9,L,4113,M,5,6,5,1,1
SE6c10,L,4108,M,3,3,5,0,1
SE6c11,L,3863,M,2,8,5,6,1
SE6c12,L,3798,F,2,3,2,1,1
SE6c13,L,3809,F,4,6,na,2,1
SE6c14,L,3980,F,4,na,na,na,1
SE6c15,L,4080,M,2,na,na,na,1
SE43a1,M,3882,F,7,5,8,-2,1
SE43a2,M,4065,F,4,3,2,-1,1
SE43a3,M,3786,F,6,6,4,0,1
SE43a4,M,3952,F,6,4,5,-2,1
SE43a5,M,3841,M,5,5,7,0,1
SE43a6,M,3817,F,8,8,8,0,1
SE43a7,M,4023,M,6,6,10,0,1
SE43a8,M,3980,M,5,3,4,-2,1
SE43a9,M,3915,M,3,5,8,2,1
SE43a10,M,3991,F,3,5,3,2,1
SE43a11,M,4119,M,6,7,7,1,1
SE43a12,M,3973,F,8,4,5,-4,1
SE43a13,M,3942,M,6,3,3,-3,1
SE43a14,M,3890,F,5,6,5,1,1
SE43a15,M,4116,F,4,6,3,2,1
SE43a16,M,4019,F,6,4,6,-2,1
SE43a17,M,3866,F,3,9,6,6,1
SE43a18,M,4103,M,4,4,7,0,1
SE43a19,M,3902,F,4,4,5,0,1
SE43a20,M,4033,F,4,1,4,-3,1
SE43a21,M,4035,F,3,6,6,3,1
SE43a22,M,3967,F,4,2,5,-2,1
SE43a23,M,3980,F,3,5,4,2,1
SE43a31,M,4010,M,3,4,3,1,1
SE43a24,M,4031,F,4,7,na,3,1
SE43a25,M,3973,F,5,5,na,0,1
SE43a26,M,3880,M,4,2,na,-2,1
SE43a27,M,4051,F,8,7,na,-1,1
SE43a28,M,4041,F,3,1,na,-2,1
SE43a29,M,3821,F,3,5,na,2,1
SE43a30,M,4069,M,6,6,na,0,1
SE43a32,M,4121,M,4,5,na,1,1
SE43a33,M,4062,F,8,na,na,na,1
SE43a34,M,4039,M,8,na,na,na,1
SE43b1,L,4080,M,5,3,8,-2,1
SE43b2,L,4143,M,4,6,5,2,1
SE43b3,L,3976,M,6,3,6,-3,1
SE43b4,L,4077,M,5,8,5,3,1
SE43b5,L,3832,M,3,9,9,6,1
SE43b6,L,3971,F,2,4,5,2,1
SE43b7,L,4142,M,5,9,7,4,1
SE43b8,L,3890,F,2,4,5,2,1
SE43b9,L,3899,M,3,3,9,0,1
SE43b10,L,3857,F,2,5,4,3,1
SE43b11,L,4119,F,3,3,2,0,1
SE43b12,L,3965,F,7,6,6,-1,1
SE43b13,L,3892,F,5,4,5,-1,1
SE43b14,L,4117,F,6,3,2,-3,1
SE43b15,L,3831,F,6,4,4,-2,1
SE43b16,L,4138,F,7,5,8,-2,1
SE43b17,L,3962,F,2,5,6,3,1
SE43b18,L,3857,M,5,4,10,-1,1
SE43b19,L,3950,F,5,na,na,na,1
SE43b20,L,4008,F,5,na,na,na,1
SG57b1,M,3756,F,7,11,11,4,1
SG57b2,H,3850,M,8,14,13,6,1
SG57b3,H,4008,M,7,12,11,5,1
SG57b4,H,3974,M,5,15,15,10,1
SG57b5,M,3864,M,4,11,14,7,1
SG57b6,L,3811,M,4,8,8,4,1
SG57b7,M,3982,M,8,11,11,3,1
SG57b8,M,3822,M,9,6,9,-3,1
SG57b9,L,3878,M,6,15,11,9,1
SG57b10,H,3834,F,4,12,12,8,1
SG57b11,L,3686,F,7,12,13,5,1
SG57b12,L,3985,F,5,6,11,1,1
SG57b13,H,3862,F,4,10,10,6,1
SG57b14,H,3824,F,6,14,14,8,1
SG57b15,H,3840,F,5,14,13,9,1
SG57b16,M,3834,F,10,11,7,1,1
SG57b17,M,3862,M,2,11,12,9,1
SG57b18,M,3779,M,7,14,13,7,1
SS45b1,M,3767,F,7,7,na,0,1
SS45b2,H,3871,M,8,10,na,2,1
SS45b3,L,3980,M,5,6,na,1,1
SS45b4,H,3913,M,4,6,na,2,1
SS45b5,H,3855,M,6,9,na,3,1
SS45b6,M,4073,F,9,9,na,0,1
SS45b7,M,3747,M,7,9,na,2,1
SS45b8,H,3871,F,8,5,na,-3,1
SS45b9,H,3760,M,5,11,na,6,1
SS45b10,M,3855,F,3,8,na,5,1
SS45b11,M,3825,M,6,9,na,3,1
SS45b12,L,3753,M,8,6,na,-2,1
SS45b13,H,3989,M,11,6,na,-5,1
SS45b14,H,3830,M,6,9,na,3,1
SS45b15,M,3788,M,4,5,na,1,1
SS45b16,H,3880,F,7,9,na,2,1
SS45b17,M,3851,F,6,9,na,3,1
SS45b18,M,3733,F,2,8,na,6,1
SS45b19,L,3901,M,6,10,na,4,1
SS45b20,H,3899,F,3,6,na,3,1
SS45b21,L,3780,F,6,10,na,4,1
SS45b22,M,3756,F,6,9,na,3,1
SS45b23,L,3855,M,7,2,na,-5,1
SS45b24,M,3817,F,8,9,na,1,1
SS45b25,L,3791,M,2,5,na,3,1
SS45b26,H,4056,F,7,9,na,2,1
SS45b27,H,3824,M,8,na,na,na,1
SS45b28,H,3874,M,7,na,na,na,1
SS45b29,H,3853,F,7,na,na,na,1
ST501,M,3680,F,6,3,6,-3,1
ST502,H,3838,M,4,1,6,-3,1
ST503,H,4137,M,6,7,12,1,1
ST504,M,4136,M,5,6,8,1,1
ST505,M,3681,M,4,3,4,-1,1
ST506,H,4072,M,11,13,13,2,1
ST507,H,3577,F,8,6,10,-2,1
ST508,H,4127,M,6,7,8,1,1
ST509,M,3834,F,6,7,9,1,1
ST5010,M,4128,F,4,6,11,2,1
ST5011,M,3487,F,5,6,8,1,1
ST5012,H,3989,F,6,7,10,1,1
ST5013,M,3571,M,9,8,10,-1,1
ST5014,M,4070,M,2,12,12,10,1
ST5015,H,4003,F,6,10,8,4,1
ST5016,M,3902,M,9,9,8,0,1
ST5017,M,3666,F,6,4,6,-2,1
ST5018,M,3877,F,4,10,7,6,1
ST5019,M,3745,M,5,4,4,-1,1
ST5020,M,3802,F,9,9,7,0,1
ST5021,H,4120,F,7,9,12,2,1
ST5022,M,3842,F,6,7,8,1,1
ST5023,M,3864,M,6,5,9,-1,1
ST5024,M,3512,F,9,9,10,0,1
ST5025,H,3710,M,8,6,8,-2,1
ST5026,H,3814,F,7,7,8,0,1
ST5027,M,3839,M,10,11,13,1,1
ST5028,M,3843,F,7,5,7,-2,1
ST5029,M,3720,M,3,2,2,-1,1
ST5030,M,3789,F,5,4,na,-1,1
ST5031,M,4049,F,1,5,na,4,1
ST5032,H,3995,M,6,12,na,6,1
ST5033,M,3838,F,7,9,na,2,1
ST5034,M,3824,F,5,na,na,na,1
ST511,M,3938,M,7,11,11,4,1
ST512,H,3968,M,11,11,14,0,1
ST513,M,4091,M,6,5,5,-1,1
ST514,M,3878,F,6,10,10,4,1
ST515,M,3460,F,5,9,11,4,1
ST516,M,3912,M,1,7,11,6,1
ST517,M,3453,F,7,10,12,3,1
ST518,M,3970,M,13,7,14,-6,1
ST519,M,3969,F,5,4,12,-1,1
ST5110,M,3551,F,7,9,9,2,1
ST5111,M,3821,M,7,11,14,4,1
ST5112,M,3694,F,9,10,12,1,1
ST5113,M,3749,F,5,7,10,2,1
ST5114,L,3851,F,4,4,10,0,1
ST5115,M,4026,M,12,6,9,-6,1
ST5116,L,3820,F,2,7,7,5,1
ST5117,L,4065,F,5,11,14,6,1
ST5118,M,4071,F,6,8,12,2,1
ST5119,M,4014,M,5,8,11,3,1
ST5120,M,4004,F,6,12,12,6,1
ST5121,M,3882,F,6,10,11,4,1
ST5122,M,3990,M,5,8,9,3,1
ST5123,M,3764,F,6,11,9,5,1
ST5124,M,4013,M,7,11,8,4,1
ST5125,M,4139,M,7,8,11,1,1
ST5126,M,3938,M,4,6,8,2,1
ST5127,M,4122,M,7,11,11,4,1
ST5128,M,3736,F,6,7,10,1,1
ST5129,M,3566,F,10,10,12,0,1
ST5130,H,3883,F,8,10,14,2,1
ST5131,M,3673,F,10,12,15,2,1
ST5132,M,3931,M,8,10,na,2,1
ST5133,H,3884,M,7,4,na,-3,1
ST5134,M,3873,M,9,10,na,1,1
ST521,M,3686,F,1,5,3,4,1
ST522,M,3584,F,6,4,4,-2,1
ST523,M,3435,M,5,7,5,2,1
ST524,M,3428,M,7,9,7,2,1
ST525,H,3639,M,4,5,4,1,1
ST526,M,3532,M,5,8,7,3,1
ST527,H,3729,M,8,11,13,3,1
ST528,M,3543,M,4,4,4,0,1
ST529,M,3776,F,6,10,7,4,1
ST5210,M,3562,M,7,9,7,2,1
ST5211,M,3520,F,6,8,7,2,1
ST5212,M,3780,F,6,6,8,0,1
ST5213,M,3736,F,5,8,10,3,1
ST5214,M,3633,M,3,8,7,5,1
ST5215,M,3632,M,5,8,5,3,1
ST5216,M,3639,F,6,11,4,5,1
ST5217,M,3639,F,5,10,13,5,1
ST5218,M,3582,M,2,5,6,3,1
ST5219,M,3690,M,5,9,10,4,1
ST5220,L,3596,F,5,5,7,0,1
ST5221,M,3529,M,6,6,7,0,1
ST5222,M,3432,M,9,6,8,-3,1
ST5223,M,3507,F,1,3,2,2,1
ST5224,M,3497,F,4,3,7,-1,1
ST5225,M,3576,M,4,6,7,2,1
ST5226,M,3777,F,8,9,13,1,1
ST5227,M,3701,F,3,6,6,3,1
ST5228,M,3662,M,4,8,7,4,1
ST5229,M,3754,F,2,8,10,6,1
ST5230,M,3728,M,7,5,6,-2,1
ST5231,M,3543,M,6,7,7,1,1
ST5232,M,3665,M,5,8,5,3,1
ST5233,M,3584,M,5,6,na,1,1
ST5234,M,3721,F,6,na,na,na,1
STG42a1,H,3783,M,3,6,5,3,1
STG42a2,H,3989,M,8,11,8,3,1
STG42a3,H,3953,M,6,5,5,-1,1
STG42a4,H,3989,M,6,10,7,4,1
STG42a5,H,3913,F,11,11,13,0,1
STG42a6,H,3982,F,6,12,11,6,1
STG42a7,H,3797,F,9,12,9,3,1
STG42a8,M,3731,M,4,6,4,2,1
STG42a9,M,3762,M,8,5,8,-3,1
STG42a10,M,3689,M,8,9,7,1,1
STG42a11,M,3783,M,8,9,10,1,1
STG42a12,M,3991,F,5,5,6,0,1
STG42a13,M,3740,F,4,11,9,7,1
STG42a14,M,3900,F,6,12,8,6,1
STG42a15,M,3747,F,5,7,6,2,1
STG42a16,M,3774,F,3,3,6,0,1
STG42a17,L,3877,M,10,8,10,-2,1
STG42a18,L,3998,M,3,5,1,2,1
STG42a19,L,3728,F,4,9,10,5,1
STG42a20,L,3673,F,6,6,6,0,1
STG42a21,L,3871,F,4,5,5,1,1
STG42a22,L,3891,F,6,8,na,2,1
STG42a23,L,3807,M,4,4,na,0,1
STG42a24,L,3731,M,4,7,na,3,1
STG42a25,M,3781,F,11,9,na,-2,1
STG42a26,M,3701,F,4,5,na,1,1
STG42a27,M,3701,M,8,6,na,-2,1
STG42b1,M,4013,M,7,9,na,2,1
STG42b2,M,3809,F,5,7,na,2,1
STG42b3,M,3775,M,5,9,na,4,1
STG42b4,L,3703,F,7,6,na,-1,1
STG42b5,M,3871,F,10,12,na,2,1
STG42b6,M,3904,M,1,11,na,10,1
STG42b7,L,3701,F,8,3,na,-5,1
STG42b8,H,3472,M,6,11,na,5,1
STG42b9,L,4268,M,5,7,na,2,1
STG42b10,L,3723,F,8,8,na,0,1
STG42b11,H,3603,F,6,12,na,6,1
STG42b12,H,3472,M,4,7,na,3,1
STG42b13,L,3753,M,7,11,na,4,1
STG42b14,M,3659,M,4,7,na,3,1
STG42b15,L,3735,M,3,2,na,-1,1
STG42b16,M,3719,F,8,11,na,3,1
STG42b17,M,3933,F,7,7,na,0,1
STG42b18,L,4023,M,6,8,na,2,1
STG42b19,M,3469,F,8,9,na,1,1
STG42b20,M,3808,M,5,7,na,2,1
STG42b21,L,3984,F,7,11,na,4,1
STG42b22,M,3899,M,7,8,na,1,1
STG42b23,M,3935,M,6,4,na,-2,1
STG42b24,M,3382,M,6,12,na,6,1
STG42b25,H,3876,F,10,na,na,na,1
STG42b26,L,3858,M,2,na,na,na,1
BB731,M,3775,F,4,5,na,1,2
BB732,H,3815,F,4,3,na,-1,2
BB733,L,3899,F,3,3,na,0,2
BB734,M,3880,F,5,7,na,2,2
BB735,H,3823,F,5,7,na,2,2
BB736,H,3494,F,6,6,na,0,2
BB737,H,3582,F,5,8,na,3,2
BB738,L,3409,F,4,6,na,2,2
BB739,L,3633,F,4,8,na,4,2
BB7310,M,3423,F,4,8,na,4,2
BB7311,L,4004,F,5,9,na,4,2
BB7312,M,3493,F,2,6,na,4,2
BB7313,L,4001,F,0,4,na,4,2
BB7314,L,3378,F,5,6,na,1,2
BB7315,M,3881,M,4,7,na,3,2
BB7316,M,4064,M,9,13,na,4,2
BB7317,M,3579,M,2,3,na,1,2
BB7318,M,3703,M,2,7,na,5,2
BB7319,H,3577,M,3,5,na,2,2
BB7320,L,3372,M,2,5,na,3,2
BB7321,H,3670,M,8,6,na,-2,2
BB7322,L,4004,M,4,5,na,1,2
BB7323,M,3855,M,7,9,na,2,2
BB7324,M,3993,M,4,8,na,4,2
BB7325,L,3896,M,4,5,na,1,2
BB7326,L,3550,M,5,8,na,3,2
BB741,L,3357,F,5,7,na,2,2
BB742,M,3877,F,6,11,na,5,2
BB743,M,3984,F,4,6,na,2,2
BB744,M,3672,F,7,10,na,3,2
BB745,M,3583,F,8,9,na,1,2
BB746,M,3432,F,7,11,na,4,2
BB747,H,3885,F,7,10,na,3,2
BB748,H,3880,F,6,9,na,3,2
BB749,H,4062,F,4,10,na,6,2
BB7410,H,3789,F,5,9,na,4,2
BB7411,H,4052,F,9,13,na,4,2
BB7412,H,3821,F,5,14,na,9,2
BB7413,L,3324,M,1,7,na,6,2
BB7414,L,3551,M,3,5,na,2,2
BB7415,L,4081,M,3,7,na,4,2
BB7416,M,3417,M,7,8,na,1,2
BB7417,M,3415,M,6,6,na,0,2
BB7418,M,3501,M,3,7,na,4,2
BB7419,M,3365,M,3,8,na,5,2
BB7420,H,3564,M,2,7,na,5,2
BB7421,H,3984,M,4,8,na,4,2
BB7422,H,3382,M,3,11,na,8,2
BB7423,M,3777,M,3,5,na,2,2
BB7424,M,4074,M,4,na,na,na,2
BB7425,M,3896,M,7,na,na,na,2
BB7426,H,3667,F,5,na,na,na,2
BB7427,L,3769,M,3,na,na,na,2
HO751,H,4010,M,7,9,na,2,2
HO752,H,4010,F,6,10,na,4,2
HO753,M,3849,F,6,9,na,3,2
HO754,L,3803,M,5,6,na,1,2
HO755,H,4078,F,8,11,na,3,2
HO756,H,3954,F,6,11,na,5,2
HO757,M,3904,M,8,8,na,0,2
HO758,M,4102,M,6,7,na,1,2
HO759,H,4136,M,3,6,na,3,2
HO7510,L,4141,F,8,12,na,4,2
HO7511,M,3878,M,6,10,na,4,2
HO7512,L,4096,F,6,9,na,3,2
HO7513,L,4096,M,2,6,na,4,2
HO7514,L,3807,F,2,3,na,1,2
HO7515,H,4135,F,8,10,na,2,2
HO7516,H,4126,M,8,8,na,0,2
HO7517,H,4026,M,4,9,na,5,2
HO7518,H,4097,F,8,10,na,2,2
HO7519,H,3972,M,7,9,na,2,2
HO7520,M,4001,M,8,9,na,1,2
HO7521,H,4082,F,8,8,na,0,2
HO7522,H,3916,M,9,10,na,1,2
HO7523,L,3837,M,7,5,na,-2,2
HO7524,L,3853,F,8,7,na,-1,2
HO761,L,3453,F,4,8,na,4,2
HO762,H,3427,F,8,11,na,3,2
HO763,H,3440,M,9,13,na,4,2
HO764,L,3551,F,5,9,na,4,2
HO765,M,3500,M,9,13,na,4,2
HO766,M,3427,F,7,12,na,5,2
HO767,L,3332,F,8,11,na,3,2
HO768,M,3779,F,11,13,na,2,2
HO769,M,3599,F,8,12,na,4,2
HO7610,H,3599,M,7,12,na,5,2
HO7611,M,3617,F,6,12,na,6,2
HO7612,H,3585,M,3,7,na,4,2
HO7613,L,3679,M,5,10,na,5,2
HO7614,H,3631,M,11,13,na,2,2
HO7615,M,3518,M,7,8,na,1,2
HO7616,H,3769,M,8,12,na,4,2
HO7617,H,3571,M,8,13,na,5,2
HO7618,M,3582,M,7,9,na,2,2
HO7619,H,3681,F,9,12,na,3,2
HO7620,L,3568,M,4,9,na,5,2
HO7621,H,3525,F,10,13,na,3,2
HO7622,L,3756,F,6,12,na,6,2
HO7623,M,3357,M,5,12,na,7,2
HO7624,H,3597,M,6,10,na,4,2
HO7625,M,3679,F,10,10,na,0,2
HO7626,M,3492,M,8,na,na,na,2
HO7627,M,3664,M,8,na,na,na,2
HS641,H,4030,F,6,11,na,5,2
HS642,H,3647,M,7,8,na,1,2
HS643,H,3639,M,8,11,na,3,2
HS644,H,4087,M,6,11,na,5,2
HS645,H,3891,M,9,14,na,5,2
HS646,H,3688,M,4,9,na,5,2
HS647,H,3477,M,3,8,na,5,2
HS648,H,4016,F,5,11,na,6,2
HS649,H,4057,F,7,10,na,3,2
HS6410,H,4065,F,8,9,na,1,2
HS6411,M,3523,M,6,11,na,5,2
HS6412,M,3971,M,9,11,na,2,2
HS6413,M,3538,M,4,11,na,7,2
HS6414,M,3571,M,5,11,na,6,2
HS6415,M,3801,F,4,8,na,4,2
HS6416,M,3746,F,4,7,na,3,2
HS6417,M,4005,F,4,10,na,6,2
HS6418,M,3569,F,5,9,na,4,2
HS6419,M,3641,F,6,10,na,4,2
HS6420,M,3689,F,8,8,na,0,2
HS6421,M,3893,F,6,10,na,4,2
HS6422,L,3427,M,4,9,na,5,2
HS6423,L,4013,M,4,11,na,7,2
HS6424,L,4126,M,5,4,na,-1,2
HS6425,L,4128,M,5,11,na,6,2
HS6426,L,3835,F,9,10,na,1,2
HS6427,L,3648,F,4,7,na,3,2
HS6428,L,3590,F,7,6,na,-1,2
HS6429,L,3575,F,5,8,na,3,2
HS6430,L,3792,F,4,10,na,6,2
HS6431,M,4020,F,4,11,na,7,2
HS6432,H,3661,M,9,na,na,na,2
HS6433,H,4014,M,5,na,na,na,2
NB17b1,H,4198,M,9,10,12,1,2
NB17b2,H,4197,F,6,9,10,3,2
NB17b3,H,4116,F,4,12,8,8,2
NB17b4,H,3972,M,6,10,10,4,2
NB17b5,H,4079,M,10,10,7,0,2
NB17b6,H,4164,M,6,13,10,7,2
NB17b7,H,4073,M,9,11,12,2,2
NB17b8,H,4143,M,5,9,10,4,2
NB17b9,H,4140,M,5,8,12,3,2
NB17b10,H,4032,M,4,10,10,6,2
NB17b11,M,4175,M,5,10,9,5,2
NB17b12,M,3930,M,8,6,13,-2,2
NB17b13,M,4045,M,10,9,12,-1,2
NB17b14,M,3923,M,3,6,13,3,2
NB17b15,M,4115,M,5,10,12,5,2
NB17b16,M,4147,F,7,12,8,5,2
NB17b17,M,4040,F,6,12,11,6,2
NB17b18,L,4009,F,8,10,12,2,2
NB17b19,L,3927,F,3,6,9,3,2
NB17b20,L,4121,F,8,10,6,2,2
NB17b21,L,4102,F,4,11,10,7,2
NB17b22,L,4135,F,5,10,8,5,2
NB17b23,L,4015,F,5,9,11,4,2
NB17b24,L,3969,M,3,6,10,3,2
NB17b25,L,3952,M,4,7,7,3,2
NB17b26,L,4186,M,8,6,12,-2,2
NB17b27,M,3852,F,9,na,na,na,2
NT611,H,4115,M,6,9,na,3,2
NT612,M,3944,M,2,11,na,9,2
NT613,M,4138,M,4,7,na,3,2
NT614,M,4125,M,1,8,na,7,2
NT615,M,4141,M,2,10,na,8,2
NT616,M,3833,M,3,10,na,7,2
NT617,M,3880,M,4,7,na,3,2
NT618,M,3991,M,3,10,na,7,2
NT619,M,4042,M,4,10,na,6,2
NT6110,M,4018,M,3,11,na,8,2
NT6111,M,3789,M,3,9,na,6,2
NT6112,M,3901,F,3,11,na,8,2
NT6113,M,3943,F,3,8,na,5,2
NT6114,M,4034,F,7,9,na,2,2
NT6115,M,3989,F,3,10,na,7,2
NT6116,M,3811,F,4,10,na,6,2
NT6117,M,3786,F,5,10,na,5,2
NT6118,M,3861,F,7,6,na,-1,2
NT6119,L,3822,M,1,6,na,5,2
NT6120,L,3819,M,6,8,na,2,2
NT6121,L,3833,M,3,8,na,5,2
NT6122,L,3795,F,6,8,na,2,2
NT6123,L,4046,F,5,9,na,4,2
NT6124,L,3837,F,0,8,na,8,2
NT6125,L,3867,F,0,6,na,6,2
NT6126,M,4067,F,4,na,na,na,2
NT6127,L,4132,M,3,na,na,na,2
WB62a1,H,3955,M,6,10,9,4,2
WB62a2,H,3995,F,4,6,5,2,2
WB62a3,M,4142,M,3,7,5,4,2
WB62a4,M,3801,M,4,4,8,0,2
WB62a5,M,3783,M,2,4,5,2,2
WB62a6,M,3869,F,5,6,7,1,2
WB62a7,M,4008,F,5,6,11,1,2
WB62a8,M,3736,F,4,10,12,6,2
WB62a9,L,3686,M,3,4,3,1,2
WB62a10,L,3952,M,6,7,6,1,2
WB62a11,L,3857,M,4,9,10,5,2
WB62a12,L,3916,M,2,7,4,5,2
WB62a13,L,4171,M,3,10,10,7,2
WB62a14,L,3924,F,4,3,4,-1,2
WB62a15,L,3864,F,5,3,5,-2,2
WB62a16,L,3745,F,3,9,5,6,2
WB62a17,M,3969,F,4,12,na,8,2
WB62a18,M,3656,F,5,11,na,6,2
WB62a19,M,3950,M,5,5,na,0,2
WB62a20,L,3899,M,5,4,na,-1,2
WB62a21,M,3958,F,5,na,na,na,2
WB62a22,L,4016,F,2,na,na,na,2
WB62a23,M,3856,F,3,na,na,na,2
WB62a24,M,4008,F,5,na,na,na,2
WB62a25,L,3975,M,4,na,na,na,2
WB62a26,M,3770,M,3,na,na,na,2
WB62a27,M,3980,M,4,na,na,na,2
WB62b1,M,3869,F,5,10,na,5,2
WB62b2,L,3754,F,3,10,na,7,2
WB62b3,L,4101,F,1,9,na,8,2
WB62b4,M,3869,F,4,11,na,7,2
WB62b5,M,3917,F,4,12,na,8,2
WB62b6,L,4008,F,1,6,na,5,2
WB62b7,H,3967,F,4,13,na,9,2
WB62b8,M,3717,F,5,12,na,7,2
WB62b9,H,3940,F,4,6,na,2,2
WB62b10,M,3766,F,5,11,na,6,2
WB62b11,M,3739,F,4,9,na,5,2
WB62b12,L,3842,F,3,8,na,5,2
WB62b13,M,3795,M,3,11,na,8,2
WB62b14,L,3618,M,2,9,na,7,2
WB62b15,M,3994,M,4,9,na,5,2
WB62b16,M,3814,M,7,11,na,4,2
WB62b17,M,3740,M,2,10,na,8,2
WB62b18,M,3717,M,6,12,na,6,2
WB62b19,L,3655,M,7,na,na,na,2
WB62b20,M,3747,M,4,na,na,na,2
WB62b21,M,3985,F,4,na,na,na,2
WB63a1,H,3932,M,12,14,13,2,2
WB63a2,H,3823,F,6,9,7,3,2
WB63a3,M,3809,M,4,5,5,1,2
WB63a4,M,3999,M,8,9,6,1,2
WB63a5,M,3704,M,6,8,8,2,2
WB63a6,M,4022,F,8,7,4,-1,2
WB63a7,M,3942,F,8,8,7,0,2
WB63a8,M,3887,F,8,10,5,2,2
WB63a9,M,3777,F,2,9,5,7,2
WB63a10,L,3742,M,4,6,9,2,2
WB63a11,L,3751,M,6,6,6,0,2
WB63a12,L,3735,F,7,5,3,-2,2
WB63a13,L,3705,F,6,8,na,2,2
WB63a14,L,3790,M,5,8,na,3,2
WB63a15,H,3689,M,10,8,na,-2,2
WB63a16,L,3840,M,5,8,na,3,2
WB63a17,L,3748,M,6,8,na,2,2
WB63a18,L,4033,F,6,na,na,na,2
WB63a19,H,3853,F,10,na,na,na,2
WB63a20,H,3762,M,5,na,na,na,2
WB63a21,M,3848,M,8,na,na,na,2
WB63a22,H,3833,M,6,na,na,na,2
WB63a23,H,3872,M,9,na,na,na,2
WB63a24,M,3860,M,5,na,na,na,2
WB63b1,M,4018,F,5,5,na,0,2
WB63b2,M,3940,F,3,8,na,5,2
WB63b3,H,3749,M,7,11,na,4,2
WB63b4,L,3741,F,6,10,na,4,2
WB63b5,H,3807,F,6,10,na,4,2
WB63b6,M,3933,F,5,10,na,5,2
WB63b7,M,3807,M,5,9,na,4,2
WB63b8,L,3891,M,0,8,na,8,2
WB63b9,L,3724,F,1,4,na,3,2
WB63b10,M,3916,M,3,11,na,8,2
WB63b11,L,3674,F,8,5,na,-3,2
WB63b12,L,3687,F,4,5,na,1,2
WB63b13,M,3800,M,8,2,na,-6,2
WB63b14,L,3867,M,4,4,na,0,2
WB63b15,M,3801,M,5,7,na,2,2
WB63b16,M,3782,M,7,10,na,3,2
WB63b17,H,3917,H,6,na,na,na,2
WB63b18,M,3744,M,5,na,na,na,2
WB72a1,M,3725,F,4,6,na,2,2
WB72a2,H,4011,F,5,4,na,-1,2
WB72a3,M,3686,F,3,6,na,3,2
WB72a4,M,3966,F,7,4,na,-3,2
WB72a5,M,3783,F,3,4,na,1,2
WB72a6,M,3773,F,3,8,na,5,2
WB72a7,L,3799,F,5,5,na,0,2
WB72a8,M,3751,F,5,6,na,1,2
WB72a9,H,3668,F,7,11,na,4,2
WB72a10,L,3908,M,7,5,na,-2,2
WB72a11,M,3782,M,4,5,na,1,2
WB72a12,H,3686,M,6,6,na,0,2
WB72a13,L,3981,M,6,5,na,-1,2
WB72a14,H,3797,M,6,13,na,7,2
WB72a15,L,3896,M,4,5,na,1,2
WB72a16,M,3737,M,10,na,na,na,2
WB72a17,M,3971,F,3,na,na,na,2
WB72a18,L,3815,F,3,na,na,na,2
WB72a19,M,3896,F,6,na,na,na,2
WD601,H,3921,F,6,9,12,3,2
WD602,H,4013,M,8,14,8,6,2
WD603,H,4122,M,6,10,9,4,2
WD604,H,3787,F,5,9,9,4,2
WD605,M,3827,M,8,7,10,-1,2
WD606,M,3934,M,6,8,11,2,2
WD607,M,4128,M,5,9,7,4,2
WD608,M,3938,M,5,10,8,5,2
WD609,M,3814,F,5,8,6,3,2
WD6010,M,4138,F,5,9,11,4,2
WD6011,M,3963,F,6,9,11,3,2
WD6012,M,3990,F,5,9,7,4,2
WD6013,M,3821,F,7,4,11,-3,2
WD6014,M,3846,F,6,5,9,-1,2
WD6015,M,4117,F,5,9,12,4,2
WD6016,M,3972,F,6,8,10,2,2
WD6017,M,3837,F,3,7,8,4,2
WD6018,L,4351,F,4,3,4,-1,2
WD6019,L,3993,F,6,8,5,2,2
WD6020,L,3809,M,7,12,9,5,2
WD6021,L,3839,M,6,8,5,2,2
WD6022,M,4146,F,4,7,na,3,2
WD6023,M,4107,F,4,na,na,na,2
WD6024,H,3796,M,3,na,na,na,2
WD6025,H,3887,F,4,na,na,na,2
WD6026,H,4009,M,4,na,na,na,2
WD6027,M,4023,M,4,na,na,na,2
WD6028,M,3996,F,7,na,na,na,2
WD6029,L,4035,F,6,na,na,na,2
CH691,H,3983,F,6,8,na,2,3
CH692,M,3899,F,3,6,na,3,3
CH693,H,3676,F,6,11,na,5,3
CH694,M,3882,F,6,9,na,3,3
CH695,M,3750,F,5,10,na,5,3
CH696,L,3714,F,4,8,na,4,3
CH697,H,3768,F,6,7,na,1,3
CH698,M,3788,F,7,8,na,1,3
CH699,H,3673,F,9,7,na,-2,3
CH6910,H,3809,F,8,11,na,3,3
CH6911,L,3696,F,6,11,na,5,3
CH6912,H,3984,M,4,9,na,5,3
CH6913,L,3735,M,4,7,na,3,3
CH6914,H,3865,M,8,10,na,2,3
CH6915,H,3935,M,3,8,na,5,3
CH6916,M,3957,M,4,11,na,7,3
CH6917,H,3800,M,8,12,na,4,3
CH6918,M,3695,M,3,6,na,3,3
CH6919,M,3999,M,5,9,na,4,3
CH6920,L,3776,M,2,4,na,2,3
CH6921,L,3778,M,5,9,na,4,3
CH6922,M,3697,M,1,10,na,9,3
CH6923,L,3997,M,3,12,na,9,3
CH6924,H,4016,F,6,na,na,na,3
CH771,M,3615,F,6,8,na,2,3
CH772,L,3621,F,4,8,na,4,3
CH773,H,3382,F,8,11,na,3,3
CH774,M,3557,F,4,6,na,2,3
CH775,L,3403,F,4,8,na,4,3
CH776,L,3313,F,4,4,na,0,3
CH777,L,3510,F,5,7,na,2,3
CH778,H,3603,F,6,7,na,1,3
CH779,L,3438,F,2,5,na,3,3
CH7710,M,3566,F,5,11,na,6,3
CH7711,M,3377,F,5,6,na,1,3
CH7712,M,3352,F,5,8,na,3,3
CH7713,M,3368,F,4,4,na,0,3
CH7714,M,3625,M,7,8,na,1,3
CH7715,H,3377,M,7,3,na,-4,3
CH7716,H,3517,M,4,10,na,6,3
CH7717,L,3603,M,3,7,na,4,3
CH7718,M,3512,M,9,6,na,-3,3
CH7719,M,3479,M,1,4,na,3,3
CH7720,L,3380,M,6,6,na,0,3
CH7721,M,3340,M,3,7,na,4,3
CH7722,M,3428,M,5,6,na,1,3
CH7723,M,3527,M,6,7,na,1,3
CH7724,L,3578,M,3,5,na,2,3
CH7725,L,3524,M,4,na,na,na,3
CH7726,M,3462,F,4,na,na,na,3
SL681,H,4039,F,7,13,12,6,3
SL682,H,3901,M,9,14,12,5,3
SL683,H,3855,M,8,11,9,3,3
SL684,H,4024,M,10,8,11,-2,3
SL685,H,3994,M,6,9,10,3,3
SL686,H,3765,F,5,10,14,5,3
SL687,H,3765,M,9,11,12,2,3
SL688,M,3855,F,10,13,12,3,3
SL689,M,3804,F,7,10,10,3,3
SL6810,M,3878,F,8,11,8,3,3
SL6811,M,3893,M,10,10,11,0,3
SL6812,M,3998,M,8,9,12,1,3
SL6813,M,4255,M,4,9,8,5,3
SL6814,M,3851,M,8,6,8,-2,3
SL6815,M,3803,F,1,8,7,7,3
SL6816,M,3942,M,6,7,12,1,3
SL6817,M,3955,M,4,5,12,1,3
SL6818,M,3794,M,6,6,10,0,3
SL6819,M,3991,F,4,9,9,5,3
SL6820,M,3773,M,3,9,7,6,3
SL6821,M,3860,F,2,6,9,4,3
SL6822,L,3722,F,8,6,7,-2,3
SL6823,L,3592,F,11,10,10,-1,3
SL6824,L,3797,F,5,5,3,0,3
SL6825,L,3694,F,6,9,5,3,3
SL6826,L,3942,M,4,3,7,-1,3
SL6827,L,3782,F,6,6,5,0,3
SL6828,H,3778,F,6,9,na,3,3
SL6829,M,3728,F,7,8,na,1,3
SL6830,M,3866,M,9,9,na,0,3
SL6831,M,3770,F,7,8,na,1,3
SM4c1,M,3928,F,6,3,4,-3,3
SM4c2,M,3839,F,4,12,5,8,3
SM4c3,M,3995,F,8,7,4,-1,3
SM4c4,M,3835,M,3,8,5,5,3
SM4c5,M,3807,F,8,6,4,-2,3
SM4c6,M,3865,F,3,7,6,4,3
SM4c7,M,3929,M,6,3,4,-3,3
SM4c8,M,3751,M,7,9,5,2,3
SM4c9,M,3885,F,7,8,8,1,3
SM4c10,M,3753,M,4,6,5,2,3
SM4c11,M,4051,F,7,10,11,3,3
SM4c12,M,3898,M,7,7,5,0,3
SM4c13,M,3851,M,2,10,8,8,3
SM4c14,M,3918,M,7,6,4,-1,3
SM4c15,M,3733,F,3,7,7,4,3
SM4d1,L,3822,M,7,3,5,-4,3
SM4d2,L,3977,F,0,6,4,6,3
SM4d3,L,3961,M,5,3,4,-2,3
SM4d4,L,3978,M,4,6,4,2,3
SM4d5,L,3935,M,7,4,2,-3,3
SM4d6,L,3745,M,3,9,4,6,3
SM4d7,L,3857,M,5,4,8,-1,3
SM4d8,L,3949,M,5,5,4,0,3
SW15b1,H,4021,M,5,13,9,8,3
SW15b2,H,4028,M,6,14,11,8,3
SW15b3,H,3786,M,3,10,11,7,3
SW15b4,H,4010,F,5,12,8,7,3
SW15b5,H,3815,F,6,14,10,8,3
SW15b6,H,3746,F,7,10,10,3,3
SW15b7,M,3901,F,7,8,9,1,3
SW15b8,M,3828,F,5,12,7,7,3
SW15b9,M,3796,F,3,10,7,7,3
SW15b10,M,3948,F,4,12,7,8,3
SW15b11,M,3706,F,5,10,9,5,3
SW15b12,L,3942,M,5,7,9,2,3
SW15b13,M,3813,M,6,11,12,5,3
SW15b14,M,3909,M,6,12,11,6,3
SW15b15,M,3774,M,5,12,8,7,3
SW15b16,M,3876,M,5,9,3,4,3
SW15b17,M,3945,M,6,13,9,7,3
SW15b18,M,3987,M,4,10,10,6,3
SW15b19,M,3707,M,4,9,11,5,3
SW15b20,M,3974,M,8,13,13,5,3
SW15b21,M,3716,M,4,9,9,5,3
SW15b22,L,3829,M,2,10,10,8,3
SW15b23,L,3692,M,6,8,9,2,3
SW15b24,H,3996,F,5,10,9,5,3
SW15b25,M,3761,F,7,5,na,-2,3
SW15b26,M,4038,M,4,10,na,6,3
SW15b27,H,3969,F,5,na,na,na,3
SW15b28,M,3917,M,2,na,na,na,3
SW15b29,M,3792,F,5,na,na,na,3
SW15b30,H,3998,F,2,na,na,na,3
SX70a1,M,3679,M,6,7,na,1,3
SX70a2,H,3920,F,7,10,na,3,3
SX70a3,M,3758,F,5,5,na,0,3
SX70a4,M,3791,M,9,12,na,3,3
SX70a5,H,4018,F,7,7,na,0,3
SX70a6,H,3913,M,4,9,na,5,3
SX70a7,M,4006,F,4,9,na,5,3
SX70a8,L,4000,M,6,6,na,0,3
SX70a9,M,3737,M,5,9,na,4,3
SX70a10,M,3746,F,8,10,na,2,3
SX70a11,M,4024,M,6,8,na,2,3
SX70a12,M,3814,M,4,10,na,6,3
SX70a13,L,3870,F,6,7,na,1,3
SX70a14,M,3953,M,2,8,na,6,3
SX70a15,H,4023,M,4,7,na,3,3
SX70a16,M,3835,F,6,10,na,4,3
SX70a17,M,3746,F,6,10,na,4,3
SX70a18,M,3885,M,7,8,na,1,3
SX70a19,H,3964,F,5,9,na,4,3
SX70a20,H,3853,F,5,11,na,6,3
SX70a21,M,4010,M,9,10,na,1,3
SX70a22,M,3960,M,3,6,na,3,3
SX70a23,H,4014,M,7,7,na,0,3
SX70a24,L,3793,F,5,6,na,1,3
SX70a25,M,3691,M,7,9,na,2,3
SX70a26,M,3820,M,3,9,na,6,3
SX70a27,M,3772,F,6,10,na,4,3
SX70b1,M,3942,F,9,11,na,2,3
SX70b2,M,3940,F,9,6,na,-3,3
SX70b3,M,3868,M,0,8,na,8,3
SX70b4,L,3872,M,5,4,na,-1,3
SX70b5,M,3717,M,7,10,na,3,3
SX70b6,M,3972,M,5,7,na,2,3
SX70b7,L,3752,M,5,3,na,-2,3
SX70b8,M,3902,F,10,12,na,2,3
SX70b9,M,3939,F,7,11,na,4,3
SX70b10,L,3633,M,5,4,na,-1,3
SX70b11,H,4023,F,7,12,na,5,3
SX70b12,L,3754,M,5,6,na,1,3
SX70b13,M,3974,M,6,7,na,1,3
SX70b14,M,3701,M,7,9,na,2,3
SX70b15,M,3824,F,6,9,na,3,3
SX70b16,H,3765,F,8,8,na,0,3
SX70b17,M,3790,F,4,6,na,2,3
SX70b18,M,3865,F,7,6,na,-1,3
SX70b19,M,3893,F,7,6,na,-1,3
SX70b20,M,3986,F,7,8,na,1,3
SX70b21,M,4026,F,9,6,na,-3,3
SX70b22,L,3873,M,6,6,na,0,3
SX70b23,M,3925,M,5,3,na,-2,3
SX70b24,M,3846,M,8,9,na,1,3
SX70b25,M,3867,M,8,8,na,0,3
SX70b26,M,4021,F,7,12,na,5,3
SX70b27,M,4028,M,7,10,na,3,3
SX70b28,M,3746,M,5,9,na,4,3
SX70b29,M,3731,F,7,10,na,3,3
SX70b30,M,4022,F,9,na,na,na,3
SX70b31,M,3689,M,7,na,na,na,3
SX70b32,M,3908,F,6,na,na,na,3
SX70b33,M,3687,F,3,na,na,na,3
SX70b34,M,3788,F,4,na,na,na,3
SX71a1,M,3918,M,4,7,na,3,3
SX71a2,H,3999,M,5,5,na,0,3
SX71a3,M,3890,M,9,7,na,-2,3
SX71a4,H,3808,M,8,8,na,0,3
SX71a5,L,3976,F,9,6,na,-3,3
SX71a6,M,3809,M,7,6,na,-1,3
SX71a7,L,3973,F,8,8,na,0,3
SX71a8,M,3982,F,8,14,na,6,3
SX71a9,M,3959,F,7,8,na,1,3
SX71a10,L,3737,M,5,2,na,-3,3
SX71a11,H,3918,F,11,11,na,0,3
SX71a12,L,3844,M,2,6,na,4,3
SX71a13,H,3884,F,5,7,na,2,3
SX71a14,M,3951,F,7,6,na,-1,3
SX71a15,M,3706,M,7,9,na,2,3
SX71a16,L,3908,F,8,8,na,0,3
SX71a17,M,3699,F,8,11,na,3,3
SX71a18,M,4012,F,8,12,na,4,3
SX71a19,M,4006,F,7,10,na,3,3
SX71a20,L,3889,F,6,9,na,3,3
SX71a21,M,3762,F,7,8,na,1,3
SX71a22,H,3871,F,6,9,na,3,3
SX71a23,M,3786,F,6,7,na,1,3
SX71a24,M,3720,M,6,8,na,2,3
SX71a25,H,3953,M,6,5,na,-1,3
SX71a26,M,3809,M,4,5,na,1,3
SX71a27,H,3710,M,5,12,na,7,3
SX71a28,L,3818,F,2,3,na,1,3
SX71a29,M,3812,F,8,9,na,1,3
SX71a30,L,3738,M,3,na,na,na,3
SX71a31,H,3850,F,7,na,na,na,3
SX71b1,M,3947,F,7,8,na,1,3
SX71b2,H,3903,F,7,12,na,5,3
SX71b3,M,3816,M,2,6,na,4,3
SX71b4,M,4249,F,4,6,na,2,3
SX71b5,H,4031,F,9,9,na,0,3
SX71b6,M,3748,F,10,11,na,1,3
SX71b7,M,4023,F,7,10,na,3,3
SX71b8,M,3769,F,7,9,na,2,3
SX71b9,M,4016,F,9,8,na,-1,3
SX71b10,L,3675,F,2,6,na,4,3
SX71b11,M,4233,M,6,6,na,0,3
SX71b12,M,3938,M,8,9,na,1,3
SX71b13,M,3793,M,9,11,na,2,3
SX71b14,M,4010,F,6,9,na,3,3
SX71b15,H,3825,F,11,11,na,0,3
SX71b16,M,3967,F,10,11,na,1,3
SX71b17,M,4010,M,9,11,na,2,3
SX71b18,M,3717,M,9,11,na,2,3
SX71b19,M,3998,F,6,8,na,2,3
SX71b20,M,3941,F,10,10,na,0,3
SX71b21,M,3796,M,7,na,na,na,3
SX71b22,L,4107,F,4,na,na,na,3
SX71b23,H,3692,F,8,na,na,na,3
SX71b24,L,3845,M,4,na,na,na,3
SX71b25,H,3872,F,9,na,na,na,3
SX71b26,H,4003,M,10,na,na,na,3
SX71b27,L,3898,M,4,na,na,na,3
SX71b28,H,3798,M,12,na,na,na,3
WC651,H,3850,M,7,10,na,3,3
WC652,H,3994,F,6,11,na,5,3
WC653,H,3604,M,7,11,na,4,3
WC654,H,4028,M,8,10,na,2,3
WC655,H,4096,M,7,10,na,3,3
WC656,H,3853,M,7,10,na,3,3
WC657,H,4257,M,6,10,na,4,3
WC658,H,4093,F,8,6,na,-2,3
WC659,H,3968,F,8,8,na,0,3
WC6510,H,3686,F,5,11,na,6,3
WC6511,M,4059,F,7,10,na,3,3
WC6512,M,3849,F,4,14,na,10,3
WC6513,M,4225,M,3,10,na,7,3
WC6514,M,3938,F,7,13,na,6,3
WC6515,M,3913,M,5,10,na,5,3
WC6516,M,3773,M,4,9,na,5,3
WC6517,M,3931,M,10,6,na,-4,3
WC6518,M,4069,M,6,9,na,3,3
WC6519,M,3682,F,4,4,na,0,3
WC6520,M,4232,M,6,6,na,0,3
WC6521,L,4151,M,4,13,na,9,3
WC6522,L,4148,M,10,8,na,-2,3
WC6523,L,3893,F,4,5,na,1,3
WC6524,L,3765,F,8,11,na,3,3
WC6525,M,3784,M,5,na,na,na,3
WC661,L,4235,M,1,na,na,na,3
WC662,H,4268,M,8,na,na,na,3
WC663,H,4023,M,7,na,na,na,3
WC664,H,3986,F,5,na,na,na,3
WC665,H,3751,M,7,na,na,na,3
WC666,H,3921,F,5,na,na,na,3
WC667,H,4280,M,2,na,na,na,3
WC668,M,4036,M,1,na,na,na,3
WC669,M,3717,F,7,na,na,na,3
WC6610,M,4203,M,7,na,na,na,3
WC6611,M,3612,M,7,na,na,na,3
WC6612,M,4025,F,3,na,na,na,3
WC6613,M,4171,F,5,na,na,na,3
WC6614,M,4150,M,4,na,na,na,3
WC6615,M,4237,M,4,na,na,na,3
WC6616,M,3788,F,4,na,na,na,3
WC6617,M,3791,F,5,na,na,na,3
WC6618,M,3863,M,2,na,na,na,3
WC6619,M,4044,F,6,na,na,na,3
WC6620,M,4143,M,2,na,na,na,3
WC6621,M,3712,F,5,na,na,na,3
WC6622,M,3917,M,2,na,na,na,3
WC6623,M,4232,M,2,na,na,na,3
WC6624,M,3622,F,0,na,na,na,3
WC6625,M,4274,F,1,na,na,na,3
WC6626,M,3834,F,3,na,na,na,3
WC6627,L,3840,M,7,na,na,na,3
WC6628,L,4224,M,5,na,na,na,3
WC6629,L,3801,M,6,na,na,na,3
WC6630,L,3686,M,6,na,na,na,3
WS671,H,4239,F,7,10,10,3,3
WS672,H,3864,F,8,14,15,6,3
WS673,H,4049,M,8,10,14,2,3
WS674,H,3939,M,8,12,11,4,3
WS675,H,3906,M,9,12,10,3,3
WS676,H,4028,M,5,6,8,1,3
WS677,M,3654,F,8,8,9,0,3
WS678,M,4043,F,5,8,5,3,3
WS679,M,3826,F,10,11,9,1,3
WS6710,M,3533,F,8,10,6,2,3
WS6711,M,3562,F,6,8,8,2,3
WS6712,M,3962,M,3,10,7,7,3
WS6713,M,3835,M,1,2,8,1,3
WS6714,L,4035,F,7,8,9,1,3
WS6715,L,3716,F,9,7,5,-2,3
WS6716,L,3499,F,8,9,7,1,3
WS6717,L,3941,F,4,2,6,-2,3
WS6718,L,3560,F,4,6,3,2,3
WS6719,L,3900,M,5,4,4,-1,3
WS6720,L,4015,M,3,5,8,2,3
WS6721,L,3999,M,7,8,na,1,3
WS6722,M,4104,M,7,11,na,4,3
WS6723,M,3914,M,2,na,na,na,3
WS6724,M,3938,M,6,na,na,na,3
WS6725,M,3935,M,9,na,na,na,3
WS6726,M,3868,M,4,na,na,na,3
WS6727,L,3902,M,4,na,na,na,3
WS6728,H,3836,F,7,na,na,na,3
WS6729,H,3883,F,7,na,na,na,3
WS671,M,3629,F,8,na,na,na,3
BF581,H,3692,M,5,10,4,5,4
BF582,H,3793,F,8,12,11,4,4
BF583,H,3759,F,7,12,8,5,4
BF584,H,3971,F,8,12,10,4,4
BF585,H,3967,F,5,12,11,7,4
BF586,M,4039,M,5,9,8,4,4
BF587,M,4024,M,5,6,3,1,4
BF588,L,3698,M,6,6,3,0,4
BF589,M,4001,M,6,11,7,5,4
BF5810,M,3748,M,6,13,10,7,4
BF5811,M,3921,M,9,13,9,4,4
BF5812,M,3990,F,4,6,8,2,4
BF5813,M,3901,F,5,13,9,8,4
BF5814,M,3766,F,6,13,7,7,4
BF5815,M,3892,F,7,13,11,6,4
BF5816,L,4023,M,8,9,5,1,4
BF5817,M,3782,F,7,12,12,5,4
BF5818,H,3894,F,5,na,na,na,4
BF5819,M,3726,F,5,na,na,na,4
BP591,H,4191,F,8,10,12,2,4
BP592,H,4156,F,6,9,13,3,4
BP593,H,3894,F,9,14,14,5,4
BP594,M,4179,F,4,8,6,4,4
BP595,H,3957,M,6,12,12,6,4
BP596,H,4092,M,4,7,6,3,4
BP597,H,4007,M,6,10,9,4,4
BP598,M,3985,F,7,7,7,0,4
BP599,M,4138,F,4,9,5,5,4
BP5910,M,3905,M,6,9,9,3,4
BP5911,M,3911,M,6,5,7,-1,4
BP5912,M,3849,M,5,7,10,2,4
BP5913,M,3931,M,2,5,8,3,4
BP5914,M,3922,M,6,9,9,3,4
BP5915,L,4101,F,5,4,6,-1,4
BP5916,L,4087,F,4,8,6,4,4
BP5917,M,4132,M,12,10,13,-2,4
BP5918,M,3851,M,8,8,8,0,4
BP5919,M,4007,M,5,6,7,1,4
BP5920,L,4154,M,7,8,5,1,4
BP5921,M,3830,M,8,11,na,3,4
BP5922,L,4007,M,8,na,na,na,4
BP5923,L,4179,F,4,na,na,na,4
BP5924,M,4040,M,4,na,na,na,4
BP5925,L,4183,M,3,na,na,na,4
BP5926,L,3986,F,5,na,na,na,4
BP5927,M,3920,F,5,na,na,na,4
BP5928,L,3929,F,6,na,na,na,4
OA21c1,H,4240,F,5,7,10,2,4
OA21c2,H,4081,M,9,10,13,1,4
OA21c3,H,3938,M,8,10,10,2,4
OA21c4,H,4214,M,7,10,10,3,4
OA21c5,H,3962,M,8,6,5,-2,4
OA21c6,H,3965,F,5,5,6,0,4
OA21c7,H,4295,F,6,7,6,1,4
OA21c8,H,4129,F,5,4,6,-1,4
OA21c9,H,4076,F,7,11,10,4,4
OA21c10,H,4244,F,9,12,11,3,4
OA21c11,M,4032,F,3,8,5,5,4
OA21c12,M,4041,M,7,9,7,2,4
OA21c13,M,4244,M,1,5,4,4,4
OA21c14,M,4155,M,4,5,6,1,4
OA21c15,M,4117,M,6,8,10,2,4
OA21c16,M,4242,M,5,6,8,1,4
OA21c17,M,4013,M,8,7,9,-1,4
OA21c18,L,4215,M,2,8,6,6,4
OA21c19,L,4164,M,4,5,7,1,4
OA21c20,L,3878,M,3,3,3,0,4
OA21c21,L,3993,F,8,8,8,0,4
OA21c22,L,4259,F,4,10,9,6,4
OA21c23,M,3943,M,6,8,na,2,4
OA21c24,L,3908,M,7,8,na,1,4
OA21c25,M,4212,F,7,7,na,0,4
OA21c26,L,4248,M,4,6,na,2,4
OA21c27,M,4159,F,6,na,na,na,4
OA23b1,L,4282,M,7,6,na,-1,4
OA23b2,L,4012,M,2,8,na,6,4
OA23b3,L,3963,M,3,6,na,3,4
OA23b4,L,4179,F,3,7,na,4,4
OA23b5,M,3955,F,4,5,na,1,4
OA23b6,M,4267,F,4,5,na,1,4
OA23b7,M,3955,F,4,6,na,2,4
OA23b8,M,4031,F,4,6,na,2,4
OA23b9,M,4115,M,7,9,na,2,4
OA23b10,M,4104,M,2,9,na,7,4
OA23b11,H,4043,M,8,8,na,0,4
OA23b12,H,4218,M,7,9,na,2,4
OA23b13,H,4201,F,6,6,na,0,4
OA23b14,H,4149,M,11,10,na,-1,4
OA23b15,H,4003,F,5,6,na,1,4
OA23b16,H,4163,M,5,9,na,4,4
OA23b17,H,4145,F,5,5,na,0,4
OA23b18,H,4047,M,7,6,na,-1,4
OA23b19,H,4090,F,6,9,na,3,4
OA23b20,H,4030,M,4,5,na,1,4
OA23b21,H,4232,F,7,4,na,-3,4
OA23b22,H,4131,M,7,9,na,2,4
OA23b23,L,4234,M,6,na,na,na,4
OA23b24,L,4011,M,7,na,na,na,4
OA461,H,4148,M,10,na,na,na,4
OA462,H,4222,F,4,na,na,na,4
OA463,H,3971,M,1,na,na,na,4
OA464,H,4005,M,6,na,na,na,4
OA465,H,4120,M,7,na,na,na,4
OA466,H,4285,M,10,na,na,na,4
OA467,H,4093,F,11,na,na,na,4
OA468,H,3991,F,5,na,na,na,4
OA469,H,4254,F,7,na,na,na,4
OA4610,H,4231,M,9,na,na,na,4
OA4611,M,4130,M,3,na,na,na,4
OA4612,M,4006,F,4,na,na,na,4
OA4613,M,4286,F,5,na,na,na,4
OA4614,M,4113,M,5,na,na,na,4
OA4615,M,4081,M,4,na,na,na,4
OA4616,M,4009,M,4,na,na,na,4
OA4617,M,3962,M,5,na,na,na,4
OA4618,M,4013,F,7,na,na,na,4
OA4619,M,4062,F,2,na,na,na,4
OA4620,M,4143,M,3,na,na,na,4
OA4621,L,4029,M,6,na,na,na,4
OA4622,L,4043,F,2,na,na,na,4
OA4623,L,4038,F,3,na,na,na,4
OA4624,L,4095,F,3,na,na,na,4
OA4625,L,4063,M,5,na,na,na,4
OA4626,L,3954,F,3,na,na,na,4
OA4627,L,4001,F,1,na,na,na,4
OA471,H,3967,M,9,8,na,-1,4
OA472,H,4199,M,10,11,na,1,4
OA473,H,4076,M,8,9,na,1,4
OA474,H,4050,M,6,3,na,-3,4
OA475,H,4257,M,9,9,na,0,4
OA476,H,4148,F,7,8,na,1,4
OA477,H,4165,F,5,3,na,-2,4
OA478,H,4254,F,5,11,na,6,4
OA479,H,4066,M,11,11,na,0,4
OA4710,M,4029,M,6,5,na,-1,4
OA4711,M,4135,M,6,4,na,-2,4
OA4712,M,4029,F,4,12,na,8,4
OA4713,M,4262,F,4,3,na,-1,4
OA4714,M,4289,F,7,4,na,-3,4
OA4715,M,3997,F,4,4,na,0,4
OA4716,M,3208,F,5,6,na,1,4
OA4717,L,4190,F,4,6,na,2,4
OA4718,L,3960,M,2,4,na,2,4
OA4719,L,4196,M,5,7,na,2,4
OA4720,L,3935,F,5,9,na,4,4
OA4721,H,4130,M,11,na,na,na,4
OA4722,H,4274,M,6,na,na,na,4
OA4723,H,4053,M,9,na,na,na,4
OA4724,M,4098,F,5,na,na,na,4
OA481,H,4134,F,7,10,na,3,4
OA482,H,4144,M,6,6,na,0,4
OA483,H,4097,F,3,9,na,6,4
OA484,H,4119,F,4,4,na,0,4
OA485,H,4253,M,5,7,na,2,4
OA486,H,4119,F,3,10,na,7,4
OA487,H,4090,F,4,7,na,3,4
OA488,H,4121,M,6,4,na,-2,4
OA489,H,4290,M,6,9,na,3,4
OA4810,H,4072,F,7,12,na,5,4
OA4811,H,3976,M,7,7,na,0,4
OA4812,M,4004,M,3,8,na,5,4
OA4813,M,4166,F,5,9,na,4,4
OA4814,M,4164,F,2,5,na,3,4
OA4815,M,4058,F,5,6,na,1,4
OA4816,M,3999,M,5,6,na,1,4
OA4817,M,4078,M,5,5,na,0,4
OA4818,M,4064,M,4,5,na,1,4
OA4819,M,3999,M,3,8,na,5,4
OA4820,M,4193,F,5,7,na,2,4
OA4821,L,4283,M,7,6,na,-1,4
OA4822,L,4161,M,2,6,na,4,4
OA4823,L,4202,M,2,8,na,6,4
OA4824,L,4284,M,3,8,na,5,4
OA4825,L,4136,M,5,5,na,0,4
OA4826,L,4231,F,6,6,na,0,4
OA4827,M,4144,F,4,5,na,1,4
OA4828,M,4276,F,5,8,na,3,4
OA491,H,4259,M,7,12,8,5,4
OA492,H,4185,M,9,9,6,0,4
OA493,H,3969,F,7,7,7,0,4
OA494,H,4231,F,7,6,5,-1,4
OA495,M,4157,M,3,3,4,0,4
OA496,L,3951,F,5,11,9,6,4
OA497,M,4163,M,8,8,9,0,4
OA498,L,3983,M,2,4,3,2,4
OA499,M,4085,M,8,8,7,0,4
OA4910,M,4276,M,9,7,6,-2,4
OA4911,M,3935,M,4,2,1,-2,4
OA4912,M,4214,M,4,11,7,7,4
OA4913,M,4104,F,5,9,6,4,4
OA4914,M,4254,F,8,7,6,-1,4
OA4915,M,3991,F,7,8,4,1,4
OA4916,M,3993,F,7,8,3,1,4
OA4917,H,4276,F,8,11,4,3,4
OA4918,L,4281,M,8,9,na,1,4
OA4919,L,3947,M,6,5,na,-1,4
OA4920,L,4084,M,5,3,na,-2,4
OA4921,H,4146,F,5,7,na,2,4
OA4922,H,4021,F,4,5,na,1,4
OA4923,L,4037,F,5,6,na,1,4
OA4924,L,4015,F,6,7,na,1,4
OA4925,M,4035,F,3,4,na,1,4
OA4926,M,4049,F,8,na,na,na,4
SG57a1,H,3790,F,7,8,12,1,4
SG57a2,H,4086,F,9,12,13,3,4
SG57a3,H,4152,F,5,7,5,2,4
SG57a4,H,4210,F,5,8,6,3,4
SG57a5,H,4194,F,9,12,11,3,4
SG57a6,H,3972,F,8,11,11,3,4
SG57a7,H,3873,F,8,8,8,0,4
SG57a8,H,4092,F,7,8,8,1,4
SG57a9,H,4045,M,11,12,12,1,4
SG57a10,H,3985,M,6,7,6,1,4
SG57a11,M,3875,F,11,14,12,3,4
SG57a12,M,3925,F,6,8,9,2,4
SG57a13,M,3874,F,5,6,9,1,4
SG57a14,M,4130,F,3,12,13,9,4
SG57a15,M,4152,F,7,10,5,3,4
SG57a16,M,4168,M,5,9,7,4,4
SG57a17,M,3978,M,5,na,na,na,4
SJ541,H,3947,M,10,6,na,-4,4
SJ542,H,4148,M,9,9,na,0,4
SJ543,H,3729,M,2,6,na,4,4
SJ544,H,3975,F,6,7,na,1,4
SJ545,H,3806,F,5,11,na,6,4
SJ546,H,3898,F,6,8,na,2,4
SJ547,H,3782,F,7,9,na,2,4
SJ548,H,3889,F,2,8,na,6,4
SJ549,M,4143,M,7,6,na,-1,4
SJ5410,M,4260,M,7,9,na,2,4
SJ5411,M,3972,M,7,2,na,-5,4
SJ5412,M,4266,M,5,6,na,1,4
SJ5413,M,3729,M,3,6,na,3,4
SJ5414,M,4118,F,4,4,na,0,4
SJ5415,M,3756,F,2,3,na,1,4
SJ5416,M,3928,F,2,3,na,1,4
SJ5417,M,3985,F,7,7,na,0,4
SJ5418,L,3870,M,5,5,na,0,4
SJ5419,L,4287,M,8,7,na,-1,4
SJ5420,L,3923,M,3,4,na,1,4
SJ5421,L,3751,F,2,4,na,2,4
SJ5422,L,3977,F,1,6,na,5,4
SJ5427,M,4211,M,7,8,na,1,4
SJ5423,L,3796,M,3,na,na,na,4
SJ5424,M,4153,M,7,na,na,na,4
SJ5425,M,4148,F,6,na,na,na,4
SJ5426,M,4163,F,4,na,na,na,4
SJ5428,M,4177,M,7,na,na,na,4
SJ5429,L,4018,M,7,na,na,na,4
SJ5430,L,4049,M,2,na,na,na,4
SJ551,H,3866,F,5,7,na,2,4
SJ552,H,4226,F,5,6,na,1,4
SJ553,H,3632,F,5,8,na,3,4
SJ554,H,3793,F,4,6,na,2,4
SJ555,H,3618,F,6,6,na,0,4
SJ556,H,4146,F,9,5,na,-4,4
SJ557,H,4191,M,1,6,na,5,4
SJ558,H,4282,M,3,9,na,6,4
SJ559,H,3684,M,5,7,na,2,4
SJ5510,H,3760,M,5,5,na,0,4
SJ5511,M,3699,F,7,8,na,1,4
SJ5512,M,4215,F,4,9,na,5,4
SJ5513,M,3854,F,5,8,na,3,4
SJ5514,M,3674,M,5,6,na,1,4
SJ5515,M,4202,M,4,10,na,6,4
SJ5516,M,3595,M,1,3,na,2,4
SJ5517,M,3633,M,5,2,na,-3,4
SJ5518,L,3957,F,3,6,na,3,4
SJ5519,L,3861,M,5,3,na,-2,4
SJ5520,L,3475,M,5,8,na,3,4
SJ5521,L,4147,M,6,8,na,2,4
SJ5522,L,3613,M,5,7,na,2,4
SJ5523,L,4246,M,0,6,na,6,4
SJ5524,L,4171,M,5,7,na,2,4
SJ5525,L,3815,M,3,3,na,0,4
SJ5526,M,3665,F,8,na,na,na,4
SJ5527,M,3946,F,2,na,na,na,4
SJ561,H,3607,M,4,10,na,6,4
SJ562,H,4251,M,7,7,na,0,4
SJ563,H,3954,M,5,8,na,3,4
SJ564,H,3603,F,5,9,na,4,4
SJ565,H,4247,F,3,9,na,6,4
SJ566,H,3932,F,7,10,na,3,4
SJ567,H,3648,F,9,9,na,0,4
SJ568,H,4096,F,6,10,na,4,4
SJ569,M,4162,M,3,7,na,4,4
SJ5610,M,3750,M,8,7,na,-1,4
SJ5611,M,3660,M,4,7,na,3,4
SJ5612,M,3865,M,4,4,na,0,4
SJ5613,M,3875,M,4,8,na,4,4
SJ5614,M,3925,M,7,8,na,1,4
SJ5615,M,3702,M,8,11,na,3,4
SJ5616,M,3614,M,8,4,na,-4,4
SJ5617,M,3913,F,5,4,na,-1,4
SJ5618,M,3569,F,3,6,na,3,4
SJ5619,M,4070,F,7,10,na,3,4
SJ5620,M,3687,F,4,8,na,4,4
SJ5621,L,4016,M,9,6,na,-3,4
SJ5622,L,4020,M,2,4,na,2,4
SJ5623,L,3974,M,7,7,na,0,4
SJ5624,L,3961,M,6,9,na,3,4
SJ5625,L,4297,F,8,9,na,1,4
SJ5626,L,4236,F,6,11,na,5,4
SJ5627,L,3724,F,5,3,na,-2,4
SJ5628,H,3880,F,9,na,na,na,4
SN531,H,4100,M,11,10,na,-1,4
SN532,H,3775,M,5,12,na,7,4
SN533,H,3863,M,6,11,na,5,4
SN534,H,4149,F,6,11,na,5,4
SN535,H,4296,F,8,9,na,1,4
SN536,M,3630,M,7,6,na,-1,4
SN537,M,4297,M,4,3,na,-1,4
SN538,M,3679,M,7,9,na,2,4
SN539,M,3704,M,4,10,na,6,4
SN5310,M,3652,M,6,10,na,4,4
SN5311,M,3855,M,7,8,na,1,4
SN5312,M,3890,M,6,8,na,2,4
SN5313,M,4152,F,6,8,na,2,4
SN5314,M,4266,F,10,11,na,1,4
SN5315,M,3860,F,7,7,na,0,4
SN5316,M,3734,F,8,7,na,-1,4
SN5317,M,3915,F,8,9,na,1,4
SN5318,M,3634,F,8,4,na,-4,4
SN5319,M,4279,F,7,7,na,0,4
SN5320,M,3680,F,5,7,na,2,4
SN5321,L,4299,M,6,8,na,2,4
SN5322,L,3776,M,7,8,na,1,4
SN5323,L,4088,F,6,7,na,1,4
SN5324,L,3757,M,7,na,na,na,4
SN5325,L,3804,M,4,na,na,na,4
SN5326,L,3725,M,10,na,na,na,4
SN5327,M,3706,M,5,na,na,na,4
SN5328,H,3937,F,8,na,na,na,4
SN5329,M,3673,M,4,na,na,na,4
SN5330,M,3757,M,6,na,na,na,4
SS45a1,H,4020,F,8,14,na,6,4
SS45a2,H,4006,F,10,12,na,2,4
SS45a3,H,3984,F,9,14,na,5,4
SS45a4,H,3951,F,9,14,na,5,4
SS45a5,H,4009,F,11,14,na,3,4
SS45a6,H,3968,F,9,11,na,2,4
SS45a7,H,3910,F,11,11,na,0,4
SS45a8,H,3956,F,9,11,na,2,4
SS45a9,H,3894,F,12,12,na,0,4
SS45a10,H,3956,F,11,14,na,3,4
SS45a11,H,3875,M,11,12,na,1,4
SS45a12,H,3886,M,6,11,na,5,4
SS45a13,M,3792,F,8,12,na,4,4
SS45a14,M,3985,F,9,13,na,4,4
SS45a15,M,3960,F,5,11,na,6,4
SS45a16,M,3942,F,4,11,na,7,4
SS45a17,M,3911,F,6,14,na,8,4
SS45a18,M,3904,F,3,12,na,9,4
SS45a19,M,3951,M,11,13,na,2,4
SS45a20,M,4015,M,7,12,na,5,4
SS45a21,M,3985,M,7,12,na,5,4
SS45a22,L,3792,F,8,12,na,4,4
SS45a23,L,3945,F,6,11,na,5,4
SS45a24,L,4066,M,6,10,na,4,4
SS45a25,L,3945,M,11,13,na,2,4
SS45a26,L,3967,M,7,11,na,4,4
SS45a27,L,3905,M,8,13,na,5,4
SS45a28,L,4006,M,9,10,na,1,4
SS45a29,H,4009,M,9,na,na,na,4
STM441,H,3932,F,6,11,na,5,4
STM442,H,3856,F,7,10,na,3,4
STM443,H,4097,M,3,8,na,5,4
STM444,H,3828,M,5,8,na,3,4
STM445,H,3957,M,6,5,na,-1,4
STM446,H,3974,M,8,10,na,2,4
STM447,M,4001,F,11,9,na,-2,4
STM448,M,4057,F,7,7,na,0,4
STM449,M,3950,F,6,8,na,2,4
STM4410,M,3816,F,10,11,na,1,4
STM4411,M,3916,F,8,8,na,0,4
STM4412,M,3889,M,7,5,na,-2,4
STM4413,M,3860,M,6,7,na,1,4
STM4414,M,4025,M,4,4,na,0,4
STM4415,M,3892,M,1,9,na,8,4
STM4416,L,3991,F,6,6,na,0,4
STM4417,L,4178,F,4,6,na,2,4
STM4418,L,4112,F,5,4,na,-1,4
STM4419,L,3888,F,0,6,na,6,4
STM4420,L,3953,M,6,7,na,1,4
STM4421,M,3955,F,3,na,na,na,4
STM4422,M,3873,F,7,na,na,na,4